Date,MSCI China ESG Leaders Index Standard (Large+Mid Cap),Return Rate
2018-12-11,"1,357.273",0.005908244
2018-12-12,"1,372.668",0.011342597
2018-12-13,"1,384.649",0.008728258
2018-12-14,"1,354.181",-0.022004132
2018-12-17,"1,338.178",-0.011817475
2018-12-18,"1,313.666",-0.018317444
2018-12-19,"1,299.626",-0.010687648
2018-12-20,"1,287.211",-0.009552748
2018-12-21,"1,294.752",0.005858402
2018-12-24,"1,286.839",-0.006111595
2018-12-25,"1,286.810",-2.25358E-05
2018-12-26,"1,304.200",0.013514039
2018-12-27,"1,297.349",-0.005253029
2018-12-28,"1,305.152",0.006014573
2018-12-31,"1,311.349",0.004748106
2019-01-01,"1,311.349",0
2019-01-02,"1,284.197",-0.020705396
2019-01-03,"1,259.914",-0.018909093
2019-01-04,"1,301.193",0.032763347
2019-01-07,"1,322.536",0.01640264
2019-01-08,"1,329.810",0.005500039
2019-01-09,"1,371.452",0.031314248
2019-01-10,"1,376.480",0.003666187
2019-01-11,"1,381.113",0.003365832
2019-01-14,"1,356.616",-0.017737144
2019-01-15,"1,382.575",0.019135113
2019-01-16,"1,396.430",0.010021156
2019-01-17,"1,396.284",-0.000104552
2019-01-18,"1,418.063",0.01559783
2019-01-21,"1,426.230",0.005759265
2019-01-22,"1,402.434",-0.016684546
2019-01-23,"1,401.005",-0.001018943
2019-01-24,"1,412.590",0.008269064
2019-01-25,"1,448.759",0.02560474
2019-01-28,"1,443.998",-0.003286261
2019-01-29,"1,441.232",-0.001915515
2019-01-30,"1,469.564",0.019658181
2019-01-31,"1,487.252",0.012036223
2019-02-01,"1,490.611",0.002258528
2019-02-04,"1,487.511",-0.002079684
2019-02-05,"1,501.222",0.009217411
2019-02-06,"1,499.958",-0.000841981
2019-02-07,"1,486.488",-0.008980251
2019-02-08,"1,482.006",-0.003015161
2019-02-11,"1,494.991",0.008761773
2019-02-12,"1,499.939",0.003309719
2019-02-13,"1,505.782",0.003895492
2019-02-14,"1,494.937",-0.007202238
2019-02-15,"1,463.441",-0.021068446
2019-02-18,"1,479.620",0.011055451
2019-02-19,"1,478.312",-0.000884011
2019-02-20,"1,491.759",0.009096185
2019-02-21,"1,501.849",0.006763827
2019-02-22,"1,523.403",0.014351643
2019-02-25,"1,548.694",0.016601648
2019-02-26,"1,546.436",-0.001458003
2019-02-27,"1,540.029",-0.004143075
2019-02-28,"1,524.382",-0.010160198
2019-03-01,"1,535.290",0.007155687
2019-03-04,"1,566.036",0.020026184
2019-03-05,"1,586.840",0.013284497
2019-03-06,"1,586.693",-9.26369E-05
2019-03-07,"1,550.133",-0.023041634
2019-03-08,"1,514.344",-0.023087696
2019-03-11,"1,545.463",0.020549492
2019-03-12,"1,561.808",0.010576119
2019-03-13,"1,553.425",-0.005367497
2019-03-14,"1,548.233",-0.003342292
2019-03-15,"1,556.021",0.005030251
2019-03-18,"1,584.270",0.018154639
2019-03-19,"1,587.347",0.001942219
2019-03-20,"1,580.918",-0.004050154
2019-03-21,"1,570.488",-0.006597433
2019-03-22,"1,560.797",-0.006170693
2019-03-25,"1,538.772",-0.01411138
2019-03-26,"1,533.161",-0.003646414
2019-03-27,"1,542.319",0.00597328
2019-03-28,"1,544.600",0.001478942
2019-03-29,"1,573.085",0.018441668
2019-04-01,"1,586.318",0.008412133
2019-04-02,"1,588.285",0.001239978
2019-04-03,"1,601.835",0.008531214
2019-04-04,"1,607.827",0.00374071
2019-04-05,"1,619.661",0.007360245
2019-04-08,"1,634.311",0.009045103
2019-04-09,"1,643.695",0.005741869
2019-04-10,"1,648.439",0.00288618
2019-04-11,"1,639.322",-0.005530687
2019-04-12,"1,654.944",0.009529549
2019-04-15,"1,631.379",-0.014239153
2019-04-16,"1,652.149",0.01273156
2019-04-17,"1,662.753",0.006418307
2019-04-18,"1,649.953",-0.007698077
2019-04-19,"1,649.955",1.21216E-06
2019-04-22,"1,645.527",-0.00268371
2019-04-23,"1,646.869",0.000815544
2019-04-24,"1,641.149",-0.003473257
2019-04-25,"1,622.817",-0.011170223
2019-04-26,"1,623.407",0.000363565
2019-04-29,"1,637.575",0.008727325
2019-04-30,"1,627.744",-0.006003389
2019-05-01,"1,636.115",0.005142701
2019-05-02,"1,646.748",0.006498932
2019-05-03,"1,657.489",0.006522552
2019-05-06,"1,600.760",-0.034225868
2019-05-07,"1,590.399",-0.006472551
2019-05-08,"1,581.218",-0.005772765
2019-05-09,"1,548.991",-0.020381124
2019-05-10,"1,563.200",0.009173068
2019-05-13,"1,539.716",-0.01502303
2019-05-14,"1,525.712",-0.009095184
2019-05-15,"1,540.703",0.009825577
2019-05-16,"1,527.052",-0.008860241
2019-05-17,"1,490.156",-0.024161587
2019-05-20,"1,441.882",-0.032395266
2019-05-21,"1,450.164",0.005743882
2019-05-22,"1,433.987",-0.01115529
2019-05-23,"1,399.850",-0.023805655
2019-05-24,"1,397.131",-0.001942351
2019-05-27,"1,395.122",-0.001437947
2019-05-28,"1,400.971",0.004192465
2019-05-29,"1,387.362",-0.009713977
2019-05-30,"1,387.404",3.02733E-05
2019-05-31,"1,385.426",-0.001425684
2019-06-03,"1,397.193",0.008493416
2019-06-04,"1,391.591",-0.004009468
2019-06-05,"1,390.386",-0.000865915
2019-06-06,"1,390.584",0.000142406
2019-06-07,"1,398.194",0.005472521
2019-06-10,"1,441.094",0.030682437
2019-06-11,"1,458.184",0.011859046
2019-06-12,"1,436.737",-0.01470802
2019-06-13,"1,433.976",-0.001921716
2019-06-14,"1,419.268",-0.010256796
2019-06-17,"1,421.883",0.001842499
2019-06-18,"1,448.464",0.018694224
2019-06-19,"1,479.068",0.021128589
2019-06-20,"1,504.515",0.017204753
2019-06-21,"1,499.633",-0.0032449
2019-06-24,"1,504.146",0.003009403
2019-06-25,"1,479.704",-0.016249752
2019-06-26,"1,492.204",0.008447635
2019-06-27,"1,510.610",0.012334775
2019-06-28,"1,506.881",-0.002468539
2019-07-01,"1,522.430",0.010318665
2019-07-02,"1,539.096",0.010946973
2019-07-03,"1,532.865",-0.00404848
2019-07-04,"1,532.975",7.1761E-05
2019-07-05,"1,525.719",-0.00473328
2019-07-08,"1,489.149",-0.023969027
2019-07-09,"1,483.858",-0.003553036
2019-07-10,"1,490.040",0.004166167
2019-07-11,"1,491.916",0.001259027
2019-07-12,"1,493.440",0.001021505
2019-07-15,"1,517.136",0.015866724
2019-07-16,"1,524.442",0.004815653
2019-07-17,"1,526.825",0.001563195
2019-07-18,"1,509.642",-0.011254073
2019-07-19,"1,524.134",0.009599627
2019-07-22,"1,513.547",-0.00694624
2019-07-23,"1,527.689",0.009343615
2019-07-24,"1,539.837",0.00795188
2019-07-25,"1,551.716",0.007714453
2019-07-26,"1,547.257",-0.002873593
2019-07-29,"1,542.968",-0.002772002
2019-07-30,"1,537.123",-0.003788154
2019-07-31,"1,520.750",-0.010651718
2019-08-01,"1,500.993",-0.012991616
2019-08-02,"1,453.381",-0.031720334
2019-08-05,"1,397.063",-0.038749647
2019-08-06,"1,397.695",0.000452378
2019-08-07,"1,405.545",0.00561639
2019-08-08,"1,424.325",0.013361365
2019-08-09,"1,406.573",-0.012463448
2019-08-12,"1,410.307",0.002654679
2019-08-13,"1,406.239",-0.002884478
2019-08-14,"1,409.407",0.002252818
2019-08-15,"1,412.284",0.002041284
2019-08-16,"1,434.024",0.015393504
2019-08-19,"1,467.162",0.0231084
2019-08-20,"1,463.024",-0.002820411
2019-08-21,"1,459.922",-0.002120266
2019-08-22,"1,449.924",-0.006848311
2019-08-23,"1,438.249",-0.008052146
2019-08-26,"1,423.108",-0.010527384
2019-08-27,"1,427.569",0.003134688
2019-08-28,"1,419.727",-0.005493255
2019-08-29,"1,438.526",0.013241278
2019-08-30,"1,454.377",0.011018918
2019-09-02,"1,463.268",0.00611327
2019-09-03,"1,448.121",-0.010351487
2019-09-04,"1,480.330",0.022241926
2019-09-05,"1,501.061",0.01400431
2019-09-06,"1,500.737",-0.000215847
2019-09-09,"1,500.553",-0.000122606
2019-09-10,"1,488.200",-0.008232298
2019-09-11,"1,504.871",0.011202123
2019-09-12,"1,519.264",0.009564275
2019-09-13,"1,529.972",0.00704815
2019-09-16,"1,513.963",-0.01046359
2019-09-17,"1,507.608",-0.004197593
2019-09-18,"1,509.812",0.001461918
2019-09-19,"1,502.541",-0.004815831
2019-09-20,"1,504.156",0.001074846
2019-09-23,"1,480.599",-0.015661274
2019-09-24,"1,464.675",-0.010755107
2019-09-25,"1,462.816",-0.001269224
2019-09-26,"1,468.226",0.003698346
2019-09-27,"1,437.850",-0.020688913
2019-09-30,"1,443.720",0.004082484
2019-10-01,"1,438.079",-0.003907267
2019-10-02,"1,433.956",-0.002867019
2019-10-03,"1,447.402",0.009376857
2019-10-04,"1,446.096",-0.000902306
2019-10-07,"1,440.114",-0.004136655
2019-10-08,"1,428.089",-0.008350033
2019-10-09,"1,427.791",-0.00020867
2019-10-10,"1,437.292",0.006654335
2019-10-11,"1,470.622",0.023189442
2019-10-14,"1,476.850",0.004234943
2019-10-15,"1,489.132",0.008316349
2019-10-16,"1,498.674",0.00640776
2019-10-17,"1,500.734",0.001374548
2019-10-18,"1,477.112",-0.015740298
2019-10-21,"1,482.366",0.003556941
2019-10-22,"1,476.980",-0.003633381
2019-10-23,"1,462.211",-0.009999458
2019-10-24,"1,474.603",0.008474837
2019-10-25,"1,479.078",0.003034715
2019-10-28,"1,505.366",0.017773234
2019-10-29,"1,494.016",-0.007539695
2019-10-30,"1,491.488",-0.001692084
2019-10-31,"1,499.819",0.005585697
2019-11-01,"1,503.388",0.00237962
2019-11-04,"1,532.404",0.019300407
2019-11-05,"1,548.967",0.010808507
2019-11-06,"1,554.507",0.003576577
2019-11-07,"1,567.816",0.008561557
2019-11-08,"1,556.302",-0.007343974
2019-11-11,"1,533.095",-0.01491163
2019-11-12,"1,546.973",0.009052277
2019-11-13,"1,522.761",-0.01565121
2019-11-14,"1,510.913",-0.007780604
2019-11-15,"1,520.570",0.0063915
2019-11-18,"1,536.631",0.010562486
2019-11-19,"1,555.304",0.012151909
2019-11-20,"1,539.559",-0.010123423
2019-11-21,"1,528.111",-0.007435896
2019-11-22,"1,542.748",0.009578493
2019-11-25,"1,565.865",0.014984301
2019-11-26,"1,573.022",0.004570637
2019-11-27,"1,590.163",0.01089686
2019-11-28,"1,593.170",0.001891001
2019-11-29,"1,568.487",-0.015493011
2019-12-02,"1,560.765",-0.004923216
2019-12-03,"1,556.075",-0.003004937
2019-12-04,"1,544.237",-0.007607602
2019-12-05,"1,570.238",0.016837441
2019-12-06,"1,589.396",0.012200698
2019-12-09,"1,579.742",-0.006074005
2019-12-10,"1,585.035",0.003350547
2019-12-11,"1,607.606",0.014240064
2019-12-12,"1,622.487",0.009256621
2019-12-13,"1,648.272",0.015892269
2019-12-16,"1,652.471",0.002547516
2019-12-17,"1,681.130",0.017343118
2019-12-18,"1,693.202",0.007180884
2019-12-19,"1,688.878",-0.002553741
2019-12-20,"1,694.212",0.00315831
2019-12-23,"1,709.475",0.009008908
2019-12-24,"1,705.523",-0.002311821
2019-12-25,"1,705.760",0.00013896
2019-12-26,"1,712.675",0.004053911
2019-12-27,"1,726.796",0.008244997
2019-12-30,"1,719.962",-0.003957619
2019-12-31,"1,706.149",-0.008030991
2020-01-01,"1,706.149",0
2020-01-02,"1,747.429",0.024194839
2020-01-03,"1,738.310",-0.005218524
2020-01-06,"1,723.350",-0.00860606
2020-01-07,"1,739.365",0.009292947
2020-01-08,"1,730.044",-0.005358852
2020-01-09,"1,762.456",0.018734784
2020-01-10,"1,779.306",0.009560522
2020-01-13,"1,816.394",0.020844082
2020-01-14,"1,794.636",-0.011978679
2020-01-15,"1,787.361",-0.004053747
2020-01-16,"1,788.862",0.000839786
2020-01-17,"1,802.919",0.007858068
2020-01-20,"1,792.238",-0.005924282
2020-01-21,"1,745.616",-0.026013286
2020-01-22,"1,762.416",0.00962411
2020-01-23,"1,730.932",-0.017864114
2020-01-24,"1,716.158",-0.008535286
2020-01-27,"1,690.666",-0.01485411
2020-01-28,"1,704.817",0.008370074
2020-01-29,"1,689.895",-0.008752846
2020-01-30,"1,652.026",-0.022409085
2020-01-31,"1,640.325",-0.007082818
2020-02-03,"1,668.257",0.017028333
2020-02-04,"1,725.030",0.034031327
2020-02-05,"1,722.642",-0.001384324
2020-02-06,"1,748.055",0.01475234
2020-02-07,"1,734.850",-0.00755411
2020-02-10,"1,730.279",-0.00263481
2020-02-11,"1,753.185",0.013238327
2020-02-12,"1,783.358",0.017210391
2020-02-13,"1,776.031",-0.004108541
2020-02-14,"1,775.025",-0.000566432
2020-02-17,"1,782.709",0.004328953
2020-02-18,"1,767.783",-0.008372651
2020-02-19,"1,777.923",0.005735998
2020-02-20,"1,765.246",-0.00713023
2020-02-21,"1,730.516",-0.019674312
2020-02-24,"1,684.298",-0.026707641
2020-02-25,"1,699.158",0.008822667
2020-02-26,"1,701.013",0.001091717
2020-02-27,"1,694.682",-0.0037219
2020-02-28,"1,670.293",-0.014391491
2020-03-02,"1,697.131",0.01606784
2020-03-03,"1,696.340",-0.000466081
2020-03-04,"1,711.133",0.00872054
2020-03-05,"1,739.853",0.016784201
2020-03-06,"1,695.356",-0.025575149
2020-03-09,"1,627.924",-0.039774537
2020-03-10,"1,670.080",0.025895558
2020-03-11,"1,638.967",-0.018629646
2020-03-12,"1,557.236",-0.049867386
2020-03-13,"1,580.292",0.01480572
2020-03-16,"1,479.605",-0.063714174
2020-03-17,"1,506.984",0.018504263
2020-03-18,"1,450.645",-0.037385268
2020-03-19,"1,454.844",0.002894574
2020-03-20,"1,501.855",0.03231343
2020-03-23,"1,451.446",-0.033564492
2020-03-24,"1,524.026",0.050005305
2020-03-25,"1,570.384",0.030418116
2020-03-26,"1,589.309",0.012051193
2020-03-27,"1,571.363",-0.0112917
2020-03-30,"1,566.195",-0.003288865
2020-03-31,"1,590.272",0.015372926
2020-04-01,"1,551.725",-0.02423925
2020-04-02,"1,566.798",0.009713706
2020-04-03,"1,555.699",-0.007083874
2020-04-06,"1,597.667",0.026976941
2020-04-07,"1,622.518",0.015554555
2020-04-08,"1,607.534",-0.009235029
2020-04-09,"1,625.249",0.011019985
2020-04-10,"1,624.812",-0.000268882
2020-04-13,"1,633.611",0.005415396
2020-04-14,"1,657.777",0.014792995
2020-04-15,"1,664.267",0.003914881
2020-04-16,"1,689.365",0.015080513
2020-04-17,"1,689.674",0.000182909
2020-04-20,"1,699.707",0.005937832
2020-04-21,"1,663.740",-0.021160706
2020-04-22,"1,687.641",0.014365826
2020-04-23,"1,677.387",-0.006075937
2020-04-24,"1,664.007",-0.007976692
2020-04-27,"1,684.892",0.012551029
2020-04-28,"1,686.707",0.00107722
2020-04-29,"1,708.704",0.013041388
2020-04-30,"1,696.791",-0.006971951
2020-05-01,"1,671.475",-0.014919928
2020-05-04,"1,618.366",-0.031773733
2020-05-05,"1,644.177",0.015948803
2020-05-06,"1,657.518",0.00811409
2020-05-07,"1,656.716",-0.000483856
2020-05-08,"1,693.965",0.022483636
2020-05-11,"1,730.762",0.021722409
2020-05-12,"1,708.552",-0.012832498
2020-05-13,"1,708.634",4.79939E-05
2020-05-14,"1,708.461",-0.00010125
2020-05-15,"1,706.383",-0.001216299
2020-05-18,"1,745.170",0.022730536
2020-05-19,"1,766.629",0.012296223
2020-05-20,"1,778.444",0.006687878
2020-05-21,"1,751.400",-0.015206551
2020-05-22,"1,665.983",-0.048770698
2020-05-25,"1,677.962",0.007190349
2020-05-26,"1,704.639",0.015898453
2020-05-27,"1,691.016",-0.007991721
2020-05-28,"1,668.835",-0.013116966
2020-05-29,"1,700.964",0.019252353
2020-06-01,"1,739.556",0.022688311
2020-06-02,"1,765.875",0.015129723
2020-06-03,"1,791.840",0.014703759
2020-06-04,"1,798.523",0.003729686
2020-06-05,"1,801.260",0.001521804
2020-06-08,"1,786.959",-0.007939442
2020-06-09,"1,800.232",0.007427703
2020-06-10,"1,829.127",0.016050709
2020-06-11,"1,794.798",-0.01876797
2020-06-12,"1,798.280",0.001940051
2020-06-15,"1,777.818",-0.011378651
2020-06-16,"1,832.011",0.030482873
2020-06-17,"1,842.938",0.005964484
2020-06-18,"1,853.218",0.00557805
2020-06-19,"1,856.375",0.001703523
2020-06-22,"1,866.171",0.005276951
2020-06-23,"1,923.986",0.030980548
2020-06-24,"1,907.813",-0.008405986
2020-06-25,"1,896.206",-0.00608393
2020-06-26,"1,866.378",-0.015730358
2020-06-29,"1,860.505",-0.003146737
2020-06-30,"1,876.421",0.008554667
2020-07-01,"1,877.887",0.000781275
2020-07-02,"1,935.371",0.030611001
2020-07-03,"1,960.804",0.01314115
2020-07-06,"2,029.701",0.035137117
2020-07-07,"2,014.292",-0.007591759
2020-07-08,"2,121.744",0.053344798
2020-07-09,"2,168.460",0.022017736
2020-07-10,"2,139.693",-0.013266097
2020-07-13,"2,113.550",-0.012218108
2020-07-14,"2,068.708",-0.021216437
2020-07-15,"2,088.331",0.009485631
2020-07-16,"2,003.392",-0.04067315
2020-07-17,"2,033.009",0.014783427
2020-07-20,"2,064.378",0.015429838
2020-07-21,"2,140.947",0.037090591
2020-07-22,"2,076.484",-0.030109573
2020-07-23,"2,106.435",0.014423901
2020-07-24,"2,038.400",-0.032298647
2020-07-27,"2,031.034",-0.003613619
2020-07-28,"2,063.798",0.016131685
2020-07-29,"2,078.228",0.006991963
2020-07-30,"2,072.123",-0.002937599
2020-07-31,"2,064.388",-0.003732887
2020-08-03,"2,101.716",0.018081872
2020-08-04,"2,146.357",0.021240263
2020-08-05,"2,170.923",0.01144544
2020-08-06,"2,167.169",-0.001729218
2020-08-07,"2,088.522",-0.036290202
2020-08-10,"2,044.538",-0.021059869
2020-08-11,"2,056.027",0.005619362
2020-08-12,"2,078.470",0.010915713
2020-08-13,"2,062.543",-0.007662848
2020-08-14,"2,064.766",0.001077796
2020-08-17,"2,077.415",0.006126118
2020-08-18,"2,108.643",0.015032143
2020-08-19,"2,096.816",-0.00560882
2020-08-20,"2,082.230",-0.006956261
2020-08-21,"2,123.626",0.019880609
2020-08-24,"2,205.990",0.038784607
2020-08-25,"2,223.789",0.008068486
2020-08-26,"2,252.903",0.013092069
2020-08-27,"2,247.465",-0.002413775
2020-08-28,"2,242.933",-0.002016494
2020-08-31,"2,212.049",-0.013769471
2020-09-01,"2,262.249",0.022693892
2020-09-02,"2,269.810",0.003342249
2020-09-03,"2,207.876",-0.027285984
2020-09-04,"2,181.666",-0.011871138
2020-09-07,"2,155.738",-0.011884496
2020-09-08,"2,114.259",-0.019241206
2020-09-09,"2,108.943",-0.002514356
2020-09-10,"2,091.986",-0.008040521
2020-09-11,"2,126.384",0.016442749
2020-09-14,"2,153.794",0.012890428
2020-09-15,"2,171.421",0.008184162
2020-09-16,"2,182.153",0.004942386
2020-09-17,"2,158.473",-0.010851668
2020-09-18,"2,152.291",-0.002864062
2020-09-21,"2,136.390",-0.007387942
2020-09-22,"2,132.622",-0.001763723
2020-09-23,"2,132.018",-0.000283219
2020-09-24,"2,092.174",-0.018688398
2020-09-25,"2,085.812",-0.003040856
2020-09-28,"2,110.872",0.012014506
2020-09-29,"2,110.334",-0.000254871
2020-09-30,"2,178.846",0.032465003
2020-10-01,"2,169.044",-0.004498712
2020-10-02,"2,162.326",-0.003097217
2020-10-05,"2,181.584",0.00890615
2020-10-06,"2,212.669",0.014248821
2020-10-07,"2,241.527",0.013042168
2020-10-08,"2,255.416",0.006196222
2020-10-09,"2,261.753",0.002809681
2020-10-12,"2,319.843",0.025683618
2020-10-13,"2,327.033",0.003099348
2020-10-14,"2,331.599",0.001962155
2020-10-15,"2,290.159",-0.017773211
2020-10-16,"2,326.557",0.01589322
2020-10-19,"2,320.336",-0.002673908
2020-10-20,"2,342.425",0.009519742
2020-10-21,"2,351.239",0.003762767
2020-10-22,"2,344.777",-0.002748338
2020-10-23,"2,342.952",-0.000778326
2020-10-26,"2,332.529",-0.004448661
2020-10-27,"2,389.494",0.02442199
2020-10-28,"2,386.538",-0.001237082
2020-10-29,"2,424.843",0.016050446
2020-10-30,"2,367.968",-0.023455127
2020-11-02,"2,418.400",0.021297585
2020-11-03,"2,354.675",-0.026350066
2020-11-04,"2,396.056",0.017573975
2020-11-05,"2,458.579",0.026094131
2020-11-06,"2,477.692",0.007774003
2020-11-09,"2,476.003",-0.000681683
2020-11-10,"2,347.437",-0.051924816
2020-11-11,"2,276.273",-0.030315617
2020-11-12,"2,324.502",0.021187705
2020-11-13,"2,350.833",0.011327588
2020-11-16,"2,349.921",-0.000387948
2020-11-17,"2,318.744",-0.013267255
2020-11-18,"2,323.135",0.001893698
2020-11-19,"2,313.420",-0.004181849
2020-11-20,"2,372.261",0.025434638
2020-11-23,"2,385.075",0.005401598
2020-11-24,"2,401.872",0.007042546
2020-11-25,"2,368.515",-0.013887917
2020-11-26,"2,396.971",0.012014279
2020-11-27,"2,400.243",0.001365056
2020-11-30,"2,314.704",-0.035637642
2020-12-01,"2,329.897",0.00656369
2020-12-02,"2,306.740",-0.009939066
2020-12-03,"2,334.941",0.012225478
2020-12-04,"2,343.038",0.003467754
2020-12-07,"2,321.968",-0.008992598
2020-12-08,"2,329.913",0.003421666
2020-12-09,"2,321.469",-0.00362417
2020-12-10,"2,314.928",-0.002817612
2020-12-11,"2,325.035",0.004366011
2020-12-14,"2,275.383",-0.021355377
2020-12-15,"2,264.672",-0.004707339
2020-12-16,"2,306.969",0.018676877
2020-12-17,"2,340.640",0.014595341
2020-12-18,"2,322.944",-0.007560325
2020-12-21,"2,324.227",0.000552316
2020-12-22,"2,300.446",-0.010231789
2020-12-23,"2,308.203",0.003371955
2020-12-24,"2,191.400",-0.050603435
2020-12-25,"2,192.623",0.000558091
2020-12-28,"2,142.247",-0.022975222
2020-12-29,"2,206.489",0.029988139
2020-12-30,"2,274.191",0.030683135
2020-12-31,"2,279.553",0.002357762
2021-01-01,"2,279.553",0
2021-01-04,"2,284.583",0.002206573
2021-01-05,"2,338.788",0.023726431
2021-01-06,"2,324.849",-0.005959925
2021-01-07,"2,304.007",-0.008964883
2021-01-08,"2,365.302",0.026603652
2021-01-11,"2,365.236",-2.79034E-05
2021-01-12,"2,359.427",-0.002455992
2021-01-13,"2,387.277",0.011803713
2021-01-14,"2,452.661",0.027388527
2021-01-15,"2,458.536",0.002395358
2021-01-18,"2,493.112",0.014063654
2021-01-19,"2,542.187",0.019684234
2021-01-20,"2,644.387",0.040201606
2021-01-21,"2,635.146",-0.003494572
2021-01-22,"2,648.390",0.005025907
2021-01-25,"2,757.615",0.041242038
2021-01-26,"2,690.181",-0.02445374
2021-01-27,"2,632.686",-0.021372168
2021-01-28,"2,585.158",-0.018053045
2021-01-29,"2,557.653",-0.010639582
2021-02-01,"2,661.885",0.040752987
2021-02-02,"2,665.566",0.001382855
2021-02-03,"2,723.161",0.021607043
2021-02-04,"2,714.894",-0.00303581
2021-02-05,"2,710.322",-0.001684044
2021-02-08,"2,715.821",0.00202891
2021-02-09,"2,750.714",0.012848049
2021-02-10,"2,799.841",0.017859727
2021-02-11,"2,811.205",0.004058802
2021-02-12,"2,806.787",-0.001571568
2021-02-15,"2,807.103",0.000112584
2021-02-16,"2,808.025",0.000328453
2021-02-17,"2,831.412",0.00832863
2021-02-18,"2,761.658",-0.024635765
2021-02-19,"2,753.458",-0.002969231
2021-02-22,"2,649.570",-0.037730011
2021-02-23,"2,634.384",-0.005731496
2021-02-24,"2,567.054",-0.025558157
2021-02-25,"2,554.451",-0.004909519
2021-02-26,"2,462.637",-0.035942752
2021-03-01,"2,553.382",0.036848711
2021-03-02,"2,510.677",-0.016724877
2021-03-03,"2,563.799",0.021158437
2021-03-04,"2,454.863",-0.04249007
2021-03-05,"2,442.874",-0.004883776
2021-03-08,"2,332.973",-0.044988403
2021-03-09,"2,373.353",0.017308387
2021-03-10,"2,401.988",0.012065209
2021-03-11,"2,495.904",0.039099279
2021-03-12,"2,423.894",-0.02885127
2021-03-15,"2,378.330",-0.018797852
2021-03-16,"2,394.175",0.006662238
2021-03-17,"2,411.847",0.007381248
2021-03-18,"2,445.564",0.013979742
2021-03-19,"2,424.571",-0.008584114
2021-03-22,"2,420.524",-0.001669161
2021-03-23,"2,388.479",-0.013238869
2021-03-24,"2,322.793",-0.027501184
2021-03-25,"2,280.257",-0.018312437
2021-03-26,"2,333.261",0.023244748
2021-03-29,"2,325.310",-0.003407677
2021-03-30,"2,336.498",0.004811401
2021-03-31,"2,326.422",-0.004312437
2021-04-01,"2,400.384",0.031792168
2021-04-02,"2,400.941",0.000232046
2021-04-05,"2,403.063",0.00088382
2021-04-06,"2,419.559",0.006864572
2021-04-07,"2,365.700",-0.022259842
2021-04-08,"2,375.524",0.004152682
2021-04-09,"2,341.930",-0.014141722
2021-04-12,"2,370.355",0.012137425
2021-04-13,"2,348.997",-0.009010465
2021-04-14,"2,376.516",0.011715213
2021-04-15,"2,365.369",-0.00469048
2021-04-16,"2,387.409",0.009317785
2021-04-19,"2,387.306",-4.3143E-05
2021-04-20,"2,370.580",-0.007006224
2021-04-21,"2,346.378",-0.010209316
2021-04-22,"2,368.067",0.009243609
2021-04-23,"2,412.228",0.018648543
2021-04-26,"2,402.114",-0.004192804
2021-04-27,"2,405.861",0.001559876
2021-04-28,"2,412.502",0.002760342
2021-04-29,"2,406.571",-0.002458444
2021-04-30,"2,371.155",-0.014716374
2021-05-03,"2,363.974",-0.003028482
2021-05-04,"2,352.780",-0.004735247
2021-05-05,"2,329.086",-0.01007064
2021-05-06,"2,324.464",-0.001984469
2021-05-07,"2,303.886",-0.008852794
2021-05-10,"2,267.056",-0.015986034
2021-05-11,"2,243.273",-0.010490698
2021-05-12,"2,256.969",0.006105365
2021-05-13,"2,177.056",-0.035407221
2021-05-14,"2,203.857",0.012310662
2021-05-17,"2,244.742",0.018551567
2021-05-18,"2,274.744",0.013365456
2021-05-19,"2,268.471",-0.002757673
2021-05-20,"2,289.974",0.009479072
2021-05-21,"2,257.160",-0.01432942
2021-05-24,"2,254.184",-0.001318471
2021-05-25,"2,301.458",0.020971669
2021-05-26,"2,324.185",0.009875044
2021-05-27,"2,315.413",-0.003774226
2021-05-28,"2,303.070",-0.005330798
2021-05-31,"2,356.542",0.023217705
2021-06-01,"2,405.120",0.020614103
2021-06-02,"2,389.571",-0.006464958
2021-06-03,"2,354.458",-0.014694269
2021-06-04,"2,350.723",-0.001586352
2021-06-07,"2,342.276",-0.003593363
2021-06-08,"2,337.018",-0.002244825
2021-06-09,"2,332.092",-0.002107814
2021-06-10,"2,336.497",0.001888862
2021-06-11,"2,342.121",0.002407022
2021-06-14,"2,343.081",0.000409885
2021-06-15,"2,331.982",-0.004736925
2021-06-16,"2,294.456",-0.016091891
2021-06-17,"2,310.363",0.006932798
2021-06-18,"2,337.446",0.0117224
2021-06-21,"2,319.349",-0.007742211
2021-06-22,"2,287.439",-0.013758171
2021-06-23,"2,336.518",0.021455873
2021-06-24,"2,347.273",0.004603003
2021-06-25,"2,393.530",0.019706698
2021-06-28,"2,421.453",0.011666033
2021-06-29,"2,402.345",-0.00789113
2021-06-30,"2,394.588",-0.003228928
2021-07-01,"2,389.745",-0.002022477
2021-07-02,"2,329.387",-0.025257088
2021-07-05,"2,284.423",-0.019302932
2021-07-06,"2,285.546",0.00049159
2021-07-07,"2,261.815",-0.010383077
2021-07-08,"2,181.814",-0.035370267
2021-07-09,"2,200.736",0.0086726
2021-07-12,"2,217.021",0.007399797
2021-07-13,"2,261.507",0.020065665
2021-07-14,"2,254.016",-0.003312393
2021-07-15,"2,286.651",0.014478602
2021-07-16,"2,274.730",-0.005213301
2021-07-19,"2,227.964",-0.020558923
2021-07-20,"2,213.851",-0.006334483
2021-07-21,"2,217.149",0.001489712
2021-07-22,"2,248.245",0.014025219
2021-07-23,"2,206.252",-0.018678124
2021-07-26,"2,071.191",-0.061217395
2021-07-27,"1,918.304",-0.073815983
2021-07-28,"1,976.036",0.030095334
2021-07-29,"2,093.528",0.059458431
2021-07-30,"2,052.177",-0.019751826
2021-08-02,"2,074.284",0.010772463
2021-08-03,"2,055.512",-0.00904987
2021-08-04,"2,080.765",0.012285504
2021-08-05,"2,051.788",-0.013926128
2021-08-06,"2,051.961",8.43167E-05
2021-08-09,"2,056.146",0.002039512
2021-08-10,"2,109.685",0.026038521
2021-08-11,"2,103.877",-0.002753018
2021-08-12,"2,085.090",-0.008929705
2021-08-13,"2,055.668",-0.014110662
2021-08-16,"2,011.279",-0.021593467
2021-08-17,"1,948.846",-0.031041442
2021-08-18,"1,964.648",0.008108388
2021-08-19,"1,901.381",-0.032202715
2021-08-20,"1,867.987",-0.017563024
2021-08-23,"1,884.799",0.009000063
2021-08-24,"1,987.544",0.054512444
2021-08-25,"1,990.074",0.001272928
2021-08-26,"1,960.547",-0.014837137
2021-08-27,"1,946.980",-0.006920008
2021-08-30,"1,962.006",0.007717593
2021-08-31,"2,020.085",0.029601846
2021-09-01,"2,027.278",0.003560741
2021-09-02,"2,051.551",0.011973198
2021-09-03,"2,023.163",-0.013837336
2021-09-06,"2,058.053",0.017245274
2021-09-07,"2,083.543",0.012385493
2021-09-08,"2,082.530",-0.000486191
2021-09-09,"2,000.773",-0.039258498
2021-09-10,"2,038.951",0.019081625
2021-09-13,"1,992.445",-0.022808787
2021-09-14,"1,970.562",-0.010982988
2021-09-15,"1,925.996",-0.022615883
2021-09-16,"1,893.247",-0.01700367
2021-09-17,"1,931.863",0.020396705
2021-09-20,"1,875.848",-0.028995327
2021-09-21,"1,867.279",-0.004568067
2021-09-22,"1,869.377",0.00112356
2021-09-23,"1,894.395",0.013383068
2021-09-24,"1,869.461",-0.013161986
2021-09-27,"1,873.944",0.002398017
2021-09-28,"1,905.768",0.016982364
2021-09-29,"1,895.706",-0.005279761
2021-09-30,"1,884.342",-0.0059946
2021-10-01,"1,883.567",-0.000411284
2021-10-04,"1,835.725",-0.02539968
2021-10-05,"1,828.617",-0.00387204
2021-10-06,"1,814.913",-0.007494188
2021-10-07,"1,900.676",0.047254607
2021-10-08,"1,925.456",0.013037467
2021-10-11,"1,987.838",0.032398559
2021-10-12,"1,946.116",-0.020988632
2021-10-13,"1,952.016",0.00303168
2021-10-14,"1,952.486",0.000240777
2021-10-15,"1,990.076",0.019252379
2021-10-18,"2,002.549",0.0062676
2021-10-19,"2,028.795",0.013106296
2021-10-20,"2,074.258",0.022408868
2021-10-21,"2,063.880",-0.005003235
2021-10-22,"2,075.524",0.005641801
2021-10-25,"2,078.205",0.001291722
2021-10-26,"2,055.571",-0.01089113
2021-10-27,"2,008.499",-0.02289972
2021-10-28,"2,006.086",-0.001201395
2021-10-29,"1,986.481",-0.009772761
2021-11-01,"1,956.216",-0.015235484
2021-11-02,"1,948.608",-0.003889141
2021-11-03,"1,951.917",0.001698135
2021-11-04,"1,985.567",0.017239463
2021-11-05,"1,941.165",-0.022362378
2021-11-08,"1,925.559",-0.008039502
2021-11-09,"1,926.433",0.000453894
2021-11-10,"1,958.871",0.016838374
2021-11-11,"1,982.213",0.011916048
2021-11-12,"1,993.416",0.005651764
2021-11-15,"1,989.065",-0.002182685
2021-11-16,"2,027.344",0.019244721
2021-11-17,"2,028.621",0.000629888
2021-11-18,"1,976.833",-0.025528672
2021-11-19,"1,933.390",-0.02197606
2021-11-22,"1,928.668",-0.002442342
2021-11-23,"1,894.903",-0.017506901
2021-11-24,"1,889.110",-0.003057149
2021-11-25,"1,901.880",0.006759797
2021-11-26,"1,847.265",-0.028716323
2021-11-29,"1,837.415",-0.005332207
2021-11-30,"1,818.773",-0.010145775
2021-12-01,"1,824.884",0.003359958
2021-12-02,"1,822.637",-0.001231311
2021-12-03,"1,788.214",-0.018886372
2021-12-06,"1,736.931",-0.028678335
2021-12-07,"1,811.395",0.042871018
2021-12-08,"1,811.653",0.000142432
2021-12-09,"1,836.594",0.013766985
2021-12-10,"1,811.718",-0.013544638
2021-12-13,"1,806.634",-0.002806176
2021-12-14,"1,779.720",-0.014897317
2021-12-15,"1,754.455",-0.014196053
2021-12-16,"1,757.041",0.001473962
2021-12-17,"1,718.456",-0.021960216
2021-12-20,"1,673.695",-0.026047219
2021-12-21,"1,706.839",0.019802891
2021-12-22,"1,716.458",0.005635564
2021-12-23,"1,730.527",0.00819653
2021-12-24,"1,723.856",-0.003854895
2021-12-27,"1,722.511",-0.000780228
2021-12-28,"1,715.924",-0.003824068
2021-12-29,"1,688.663",-0.015887067
2021-12-30,"1,700.251",0.006862234
2021-12-31,"1,747.671",0.02789
2022-01-03,"1,730.833",-0.009634536
2022-01-04,"1,720.243",-0.006118441
2022-01-05,"1,666.424",-0.031285696
2022-01-06,"1,686.164",0.011845725
2022-01-07,"1,724.663",0.022832299
2022-01-10,"1,744.144",0.01129554
2022-01-11,"1,753.460",0.005341302
2022-01-12,"1,821.285",0.038680666
2022-01-13,"1,809.625",-0.006402073
2022-01-14,"1,798.135",-0.006349382
2022-01-17,"1,778.206",-0.01108315
2022-01-18,"1,758.089",-0.011313087
2022-01-19,"1,746.927",-0.006348939
2022-01-20,"1,827.570",0.046162776
2022-01-21,"1,818.443",-0.004994063
2022-01-24,"1,778.292",-0.022079878
2022-01-25,"1,744.280",-0.019126218
2022-01-26,"1,740.611",-0.002103447
2022-01-27,"1,675.924",-0.037163387
2022-01-28,"1,664.040",-0.007091014
2022-01-31,"1,709.108",0.027083484
2022-02-01,"1,712.211",0.001815567
2022-02-02,"1,709.775",-0.001422722
2022-02-03,"1,706.960",-0.001646415
2022-02-04,"1,758.391",0.030130173
2022-02-07,"1,746.348",-0.006848875
2022-02-08,"1,711.496",-0.019957076
2022-02-09,"1,764.576",0.031013803
2022-02-10,"1,779.361",0.008378783
2022-02-11,"1,763.846",-0.008719422
2022-02-14,"1,731.748",-0.018197734
2022-02-15,"1,733.139",0.000803235
2022-02-16,"1,761.351",0.016277979
2022-02-17,"1,771.120",0.005546311
2022-02-18,"1,724.763",-0.026173834
2022-02-21,"1,687.476",-0.021618622
2022-02-22,"1,647.780",-0.02352389
2022-02-23,"1,654.513",0.004086104
2022-02-24,"1,594.751",-0.036120599
2022-02-25,"1,596.426",0.001050321
2022-02-28,"1,596.986",0.000350784
2022-03-01,"1,606.142",0.0057333
2022-03-02,"1,586.276",-0.012368769
2022-03-03,"1,568.813",-0.011008803
2022-03-04,"1,515.786",-0.033800714
2022-03-07,"1,450.857",-0.042835202
2022-03-08,"1,427.074",-0.016392381
2022-03-09,"1,427.079",3.50367E-06
2022-03-10,"1,427.213",9.38981E-05
2022-03-11,"1,371.193",-0.039251324
2022-03-14,"1,251.211",-0.087501905
2022-03-15,"1,159.970",-0.072922153
2022-03-16,"1,356.466",0.169397484
2022-03-17,"1,463.291",0.078752435
2022-03-18,"1,450.454",-0.008772691
2022-03-21,"1,429.331",-0.014563026
2022-03-22,"1,495.786",0.046493779
2022-03-23,"1,524.128",0.018947898
2022-03-24,"1,494.350",-0.019537729
2022-03-25,"1,433.858",-0.040480476
2022-03-28,"1,463.922",0.020967209
2022-03-29,"1,492.523",0.019537243
2022-03-30,"1,515.061",0.015100605
2022-03-31,"1,487.258",-0.018351076
2022-04-01,"1,494.843",0.005099989
2022-04-04,"1,546.653",0.034659158
2022-04-05,"1,541.691",-0.003208218
2022-04-06,"1,501.015",-0.026384016
2022-04-07,"1,469.869",-0.020749959
2022-04-08,"1,464.697",-0.003518681
2022-04-11,"1,401.281",-0.043296327
2022-04-12,"1,421.192",0.014209141
2022-04-13,"1,430.705",0.006693677
2022-04-14,"1,437.414",0.004689297
2022-04-15,"1,437.251",-0.000113398
2022-04-18,"1,436.069",-0.000822403
2022-04-19,"1,391.029",-0.031363395
2022-04-20,"1,372.308",-0.013458382
2022-04-21,"1,332.350",-0.02911737
2022-04-22,"1,326.768",-0.00418959
2022-04-25,"1,271.330",-0.041784246
2022-04-26,"1,287.543",0.012752786
2022-04-27,"1,292.850",0.004121804
2022-04-28,"1,316.801",0.018525738
2022-04-29,"1,417.544",0.076505865
2022-05-02,"1,418.997",0.001025012
2022-05-03,"1,418.157",-0.000591967
2022-05-04,"1,390.008",-0.019849001
2022-05-05,"1,373.059",-0.012193455
2022-05-06,"1,308.239",-0.047208459
2022-05-09,"1,300.930",-0.0055869
2022-05-10,"1,274.368",-0.020417701
2022-05-11,"1,297.050",0.017798626
2022-05-12,"1,263.982",-0.025494777
2022-05-13,"1,306.465",0.033610447
2022-05-16,"1,309.918",0.00264301
2022-05-17,"1,370.988",0.046621239
2022-05-18,"1,367.827",-0.002305637
2022-05-19,"1,320.644",-0.034494859
2022-05-20,"1,363.047",0.03210782
2022-05-23,"1,340.001",-0.016907708
2022-05-24,"1,303.018",-0.027599233
2022-05-25,"1,301.188",-0.001404432
2022-05-26,"1,298.311",-0.002211056
2022-05-27,"1,346.636",0.037221436
2022-05-30,"1,382.235",0.026435503
2022-05-31,"1,422.372",0.029037754
2022-06-01,"1,409.262",-0.009216998
2022-06-02,"1,396.283",-0.009209785
2022-06-03,"1,395.108",-0.00084152
2022-06-06,"1,446.975",0.037177767
2022-06-07,"1,449.565",0.001789941
2022-06-08,"1,518.910",0.047838489
2022-06-09,"1,516.371",-0.001671593
2022-06-10,"1,521.760",0.00355388
2022-06-13,"1,446.548",-0.049424351
2022-06-14,"1,446.297",-0.000173517
2022-06-15,"1,470.899",0.017010337
2022-06-16,"1,430.891",-0.027199692
2022-06-17,"1,450.180",0.013480412
2022-06-20,"1,459.061",0.006124067
2022-06-21,"1,489.230",0.020676997
2022-06-22,"1,449.786",-0.026486171
2022-06-23,"1,484.383",0.023863522
2022-06-24,"1,530.462",0.031042527
2022-06-27,"1,550.692",0.013218231
2022-06-28,"1,546.389",-0.00277489
2022-06-29,"1,511.709",-0.02242644
2022-06-30,"1,493.256",-0.012206714
2022-07-01,"1,492.601",-0.000438639
2022-07-04,"1,498.993",0.004282457
2022-07-05,"1,506.179",0.004793885
2022-07-06,"1,499.719",-0.004288999
2022-07-07,"1,501.820",0.001400929
2022-07-08,"1,512.281",0.006965548
2022-07-11,"1,456.775",-0.036703496
2022-07-12,"1,421.490",-0.024221311
2022-07-13,"1,417.689",-0.002673955
2022-07-14,"1,425.385",0.005428553
2022-07-15,"1,381.017",-0.031127029
2022-07-18,"1,412.050",0.022471121
2022-07-19,"1,397.374",-0.0103934
2022-07-20,"1,416.037",0.013355766
2022-07-21,"1,402.529",-0.009539299
2022-07-22,"1,399.844",-0.001914399
2022-07-25,"1,381.812",-0.012881435
2022-07-26,"1,404.611",0.01649935
2022-07-27,"1,379.500",-0.017877548
2022-07-28,"1,374.155",-0.003874592
2022-07-29,"1,325.968",-0.035066641
2022-08-01,"1,311.611",-0.010827561
2022-08-02,"1,282.646",-0.022083529
2022-08-03,"1,295.307",0.009871001
2022-08-04,"1,329.926",0.026726483
2022-08-05,"1,324.563",-0.004032555
2022-08-08,"1,302.346",-0.016773079
2022-08-09,"1,298.152",-0.003220342
2022-08-10,"1,272.040",-0.020114748
2022-08-11,"1,311.612",0.031109085
2022-08-12,"1,316.141",0.003453003
2022-08-15,"1,306.710",-0.007165646
2022-08-16,"1,293.565",-0.010059615
2022-08-17,"1,297.140",0.00276368
2022-08-18,"1,294.555",-0.001992846
2022-08-19,"1,291.955",-0.002008412
2022-08-22,"1,286.582",-0.004158814
2022-08-23,"1,279.998",-0.005117435
2022-08-24,"1,258.944",-0.016448463
2022-08-25,"1,319.448",0.048059326
2022-08-26,"1,334.734",0.011585148
2022-08-29,"1,325.917",-0.006605811
2022-08-30,"1,320.502",-0.004083966
2022-08-31,"1,324.212",0.002809538
2022-09-01,"1,298.883",-0.019127602
2022-09-02,"1,287.972",-0.008400295
2022-09-05,"1,263.436",-0.019050104
2022-09-06,"1,257.839",-0.004429983
2022-09-07,"1,251.536",-0.005010975
2022-09-08,"1,232.860",-0.014922463
2022-09-09,"1,267.814",0.028351962
2022-09-12,"1,268.223",0.000322603
2022-09-13,"1,260.611",-0.006002099
2022-09-14,"1,229.003",-0.025073556
2022-09-15,"1,234.366",0.0043637
2022-09-16,"1,209.445",-0.020189312
2022-09-19,"1,190.971",-0.015274775
2022-09-20,"1,208.229",0.014490697
2022-09-21,"1,175.400",-0.027171174
2022-09-22,"1,159.046",-0.013913561
2022-09-23,"1,134.892",-0.020839553
2022-09-26,"1,149.049",0.012474315
2022-09-27,"1,153.018",0.003454161
2022-09-28,"1,120.704",-0.028025582
2022-09-29,"1,115.794",-0.004381175
2022-09-30,"1,110.925",-0.004363709
2022-10-03,"1,104.208",-0.006046313
2022-10-04,"1,107.258",0.002762161
2022-10-05,"1,168.093",0.054942028
2022-10-06,"1,158.582",-0.008142331
2022-10-07,"1,131.903",-0.023027287
2022-10-10,"1,096.348",-0.031411702
2022-10-11,"1,064.290",-0.029240716
2022-10-12,"1,057.919",-0.00598615
2022-10-13,"1,034.447",-0.022186954
2022-10-14,"1,050.969",0.015971819
2022-10-17,"1,049.261",-0.001625167
2022-10-18,"1,075.641",0.025141504
2022-10-19,"1,038.233",-0.034777402
2022-10-20,"1,007.925",-0.029191906
2022-10-21,"1,008.448",0.000518888
2022-10-24,915.904,-0.091768738
2022-10-25,928.070,0.013283051
2022-10-26,942.404,0.015444956
2022-10-27,946.929,0.00480155
2022-10-28,901.782,-0.047677281
2022-10-31,895.551,-0.006909652
2022-11-01,960.692,0.072738459
2022-11-02,989.339,0.02981913
2022-11-03,953.731,-0.035991708
2022-11-04,"1,019.909",0.069388538
2022-11-07,"1,039.494",0.019202694
2022-11-08,"1,029.681",-0.00944017
2022-11-09,"1,007.707",-0.02134059
2022-11-10,987.363,-0.020188408
2022-11-11,"1,081.872",0.095718596
2022-11-14,"1,095.956",0.013018176
2022-11-15,"1,168.974",0.066624937
2022-11-16,"1,165.703",-0.00279818
2022-11-17,"1,144.325",-0.018339148
2022-11-18,"1,146.127",0.001574727
2022-11-21,"1,122.945",-0.02022638
2022-11-22,"1,092.239",-0.027344171
2022-11-23,"1,102.326",0.009235158
2022-11-24,"1,112.882",0.009576115
2022-11-25,"1,095.282",-0.015814794
2022-11-28,"1,080.708",-0.013306162
2022-11-29,"1,151.785",0.065768922
2022-11-30,"1,178.387",0.023096324
2022-12-01,"1,193.064",0.012455161
2022-12-02,"1,198.323",0.004407978
2022-12-05,"1,265.738",0.056257787
2022-12-06,"1,253.122",-0.009967308
2022-12-07,"1,210.445",-0.03405654
2022-12-08,"1,265.040",0.045103247
2022-12-09,"1,298.828",0.026709037